GL9TWQKus4I	20260815	6564	3423	267	89
0jkfaiMY6fk	20260813	10245	3499	431	124
df911vxEVZM	20260811	17816	3163	567	78
90Jpz7fnxLg	20260809	6098	3519	253	74
GNVIGuHZX4M	20260807	6154	3557	229	36
1Ry42RiP_ZA	20260805	5888	3517	216	33
s2WFK2JL-fk	20260803	30660	3828	1042	242
lOetEcdBw2I	20260801	13751	3581	542	131
o-itppbo-GY	20260730	25474	3516	837	328
-tFHPgtFvQo	20260728	10872	3541	438	201
YfWSbH4OxgY	20260726	11420	3821	402	112
4nv5w0j1zNI	20260724	4717	3065	193	31
NbiVwNebGDI	20260722	27406	3096	1069	477
fWeaqmEORhw	20260720	13381	3468	529	100
kOzm3y2djKU	20260718	10406	3442	400	197
aDkx5HF2AxA	20260716	7067	3263	291	117
Q8YWV6txjcU	20260714	7285	3363	293	50
m2xDYWYHOcs	20260712	7167	3453	317	82
7l0Hfqm7mwo	20260710	4191	3500	176	68
QJKuveBtFlI	20260708	27763	3379	1091	336
eq5ADhD_Pss	20260706	8361	3369	310	41
h2uidTqhUZE	20260704	5196	3330	207	60
sX5QrFjytEA	20260702	6806	3785	288	71
tWG9Qgb9Wgg	20260630	6514	3388	260	64
ZPkl7n4Lz3c	20260628	26614	3155	1084	213
7d24kXpFqfk	20260626	39520	3742	1478	362
swmcP7B2-3Q	20260624	12368	3578	481	87
4cpcRIq-CBU	20260622	25631	3569	1064	183
0xUMk8LPpw8	20260620	10465	3539	457	71
Q9-u4_2rbhc	20260618	7296	3366	237	84
We1CGhVPYZw	20260616	8871	3510	351	46
ZRnMHwL3_a8	20260614	10241	3211	360	74
z7BclUmNk-c	20260612	18559	3655	630	117
rzG3F3aMEMo	20260611	4847	3643	202	27
-5bjyUYTFaU	20260609	11201	3340	447	107
FqwxLpnpAvg	20260607	17214	3568	601	65
aAXwxnEMGUg	20260605	19833	3893	817	231
VNxVT-Wf_iw	20260603	8830	3375	396	136
IKAyp22sVqw	20260601	24802	3694	861	93
9G9Sg38viEI	20260529	180131	3686	7823	1600
zv9AWmvKF_I	20260527	6510	3489	264	60
Ak0uI7mY1RQ	20260525	5774	3901	235	51
tg55ixq-IuI	20260524	14342	3695	632	186
AitV9i4HaMo	20260522	4173	3616	190	34
8Ob5cjAvWqk	20260521	4906	3595	198	22
9BCN3rYsvTc	20260519	7141	3513	237	45
4bu_6M6H-hg	20260517	5987	4050	254	53
OyGTGs-9L8Y	20260515	3416	2328	145	27
hSYhy4pJX2Q	20260514	9342	3703	441	248
ffPHV1dRpB4	20260512	10036	4115	384	111
_72J_R_7Q3E	20260511	2795	3669	97	16
kPM8CGkHYGk	20260510	4052	3498	203	42
HknPHgjWckM	20260509	12721	3922	449	152
MmJUmR_FD04	20260508	11541	3945	462	86
TWUyXJP2WNU	20260506	9809	3969	300	84
_QDVP7JaJ1g	20260505	6482	3273	231	35
yxNaHRJTrPY	20260504	17586	3957	688	116
hVcs5QJtB5g	20260502	42282	3480	1713	483
I2YSdJvhc5Q	20260430	127112	3257	4349	1400
SJVCGVnSLPs	20260429	7700	3841	311	32
WP34khAlpeg	20260428	10397	3611	411	55
UJ1jnio8JGE	20260426	5129	4092	204	49
cCUM7lRs5FY	20260424	24471	3651	922	179
CaSKqDbXN18	20260423	3109	3765	121	30
nocT5AQREoQ	20260422	6020	3610	245	36
p7LSbXwbAPE	20260421	5821	4078	261	50
BcEOgA4PXJY	20260419	6659	3825	305	94
e1TlySqMRZw	20260417	20430	3679	642	124
6OCrsvDWbQk	20260416	9735	4248	342	63
9SEt0BUAumc	20260414	6277	3619	228	42
CMWL9LET4O0	20260412	8851	3640	355	66
PGPsTUQNrVI	20260410	7190	3782	298	66
5KOTKs73gIs	20260409	8979	3543	371	89
0nIz-sQJU4k	20260407	7608	4024	323	58
SaECr1JPbRM	20260406	11399	3754	450	47
gYwDTeSIZyA	20260405	8367	3642	353	77
51bvAahb_pk	20260403	8994	4145	394	187
9MpQ-jYrNic	20260401	14925	3712	640	169
51lKMpb7Bcc	20260330	7818	3863	379	62
HNdZGU_DYxg	20260328	6802	3714	310	46
f1tAhjEMuMU	20260326	13810	3419	588	123
XF6XdvMw7TY	20260324	37539	3517	1477	413
TK9vxQFAr-A	20260322	10263	3616	386	103
l34roJTpBrA	20260320	117504	3673	3515	598
ra0Z7fzxbBg	20260318	27744	3670	949	237
QeDLgpuSnYc	20260317	9694	3512	408	90
xIADBVtXawo	20260315	9731	3731	421	82
r__BTILMgH4	20260313	34176	3514	1235	347
8_t8nQcsxno	20260311	9113	4049	403	209
cgt803hp99M	20260309	166356	3766	5618	1500
zqrmY4yWyak	20260307	181006	3850	5372	1800
5u1B7PROo_s	20260305	21557	3398	792	133
JJvBAaPmbT0	20260303	26508	3720	1093	323
XfnS0h91nLs	20260302	18894	3653	830	235
-iPnSFl434E	20260228	233147	3454	6470	1800
qExjfuwaMQc	20260226	6218	3517	260	37
DdAaVpw6I7A	20260225	8066	3885	324	47
5JVxWUuVIKA	20260224	4821	3656	231	66
zPUyOvj4veY	20260223	3635	3610	183	43
EDl20qeK2tA	20260222	29524	4408	992	298
P3ksCfic4H8	20260221	28980	3518	960	153
8lxIY35zb6Q	20260220	241144	3755	6363	2000
WqQzUjvh5fk	20260219	6007	3319	277	61
1uimdJNDcF0	20260218	11522	3550	535	67
--Mpaln4jx8	20260216	1116	3322	45	2
5Z3i1LWXBSQ	20260215	2573	3833	129	12
hecek06K7c8	20260214	3286	3253	180	23
0Y5037dbdZY	20260213	4748	3504	209	40
oq8lhhDrSsY	20260212	3928	3427	189	18
alpNvIafBxA	20260211	6511	4406	251	63
mTNxwGZmVZ8	20260209	10928	3878	360	195
-GeBebPSQ6I	20260207	62733	3611	2260	588
NRXWtUm87KY	20260205	82819	3255	2616	1000
ihzmo7MZkPE	20260204	3826	3902	161	28
74dAiQMCpgA	20260202	8890	3591	374	95
8gMdQ-mLY6M	20260131	2400	3851	103	5
NOehmvfXvzs	20260130	3645	3604	136	13
Qh1wIKgnB-o	20260129	73904	5243	2480	652
9Wbho_j_n9o	20260128	4997	3595	227	52
o_S-RfdFmjE	20260127	5333	4072	233	60
ILU0aADzrrM	20260126	3146	3672	120	17
5Riu8ysWAfE	20260124	6991	3627	233	45
J3LdwHAZR2E	20260123	204915	4121	6130	2100
oLpumIUjWD4	20260122	5880	3597	245	55
UCowPycKUkA	20260121	4247	3695	142	26
c8vqHG2YF3U	20260120	2229	3603	83	24
W3e31uhkaoU	20260119	6135	3638	229	47
vg-qVH7IRCQ	20260118	4746	3562	157	12
PfU1J9Q7Axw	20260117	5894	3498	205	23
BdAptZqjzMU	20260116	4925	3750	188	33
DqwFk8-UJrw	20260115	4468	4032	203	39
tTK_p0gWWcg	20260114	62511	3902	2350	559
5tMa6C5TF9s	20260113	5649	3670	213	33
w9Jg8mfEGPc	20260112	5463	3625	216	29
-rb8kSvTVLA	20260111	4278	3711	162	13
Juz4xwOtmKo	20260110	3562	3908	153	24
hKjjcx7wQnQ	20260109	4757	3883	182	40
V4Ckr6fpnMo	20260107	13418	4087	474	112
pwu5Z6OKpaI	20260106	5145	3732	203	29
CnzAaf2oaes	20260105	2882	3562	122	23
PMYERWNgRvg	20260103	7955	3837	258	107
TMCCkn7thhM	20260102	6338	3094	292	46
FUpwo8QZ1zA	20260101	6005	3598	252	38
MF_3rR3hprA	20251230	8824	3857	338	65
XQvHl8pZ3fg	20251228	14647	3866	575	101
WepSwGxRFGk	20251227	4756	3871	169	17
e8UvF9b_x8w	20251226	4835	3928	182	33
DE3I4rqHDjE	20251225	2961	3627	110	28
by7oArCdtsU	20251224	7345	4149	233	28
Jn_OOcPqyQY	20251223	4638	3942	160	22
FB4D3TakDeE	20251222	3249	3875	123	8
s94Pf_OqFok	20251221	4576	4063	162	6
iQ_240PjbKw	20251220	5536	3813	186	25
85jDZauU_Q8	20251219	7551	3738	267	45
4pQjbeJKqEs	20251218	5704	3694	210	47
T6bD2jUPG7s	20251217	8684	4307	230	30
Spcb8KLspe8	20251216	5647	3902	178	26
EHUN0N6AMYQ	20251215	7642	3752	262	37
EP7rYZQoAuQ	20251214	43983	3641	1178	278
XXoO2EiL3AQ	20251213	4991	3737	177	27
ULyFkTxhdHw	20251212	4830	3689	166	28
oyFhgSCqOHk	20251211	21808	3827	771	169
bjn00BbHo4I	20251210	7053	3728	257	70
jSweqD8jkA0	20251209	10936	3979	391	64
YnhH9vDtZG4	20251208	7171	3766	243	20
YxquJX8QOkM	20251207	46200	3898	1446	349
KS1DXychXeM	20251206	42503	3917	1158	225
7SldBA1e56A	20251205	16967	3733	492	68
50qd6cUJcco	20251204	9363	3761	357	57
gXKCbTxiEik	20251203	7426	3817	257	73
Mus571v9fyg	20251202	11070	3919	324	24
-2PpnvWmw70	20251201	15526	3977	533	88
Tm0R_pnq4MY	20251130	9628	3970	332	63
rbtT-42njVw	20251129	15165	3863	519	86
ySlXsIrpQZs	20251128	6539	3749	332	25
aBCH5gWGeLM	20251127	23814	3809	794	145
88dVwKk3HGA	20251126	16855	3657	584	106
nIowBalsTJs	20251125	10429	3938	386	59
PIJLOjsRxV4	20251124	12614	3876	360	47
2baZmkky8C4	20251123	13375	3943	436	77
ng3n672Phls	20251122	8359	3605	296	51
q4sHws74xxg	20251121	15472	3653	482	63
GPDLx5d2jVA	20251120	6766	3659	221	37
MOT8_Zf1Tdw	20251119	21403	3593	709	143
_UswDhegtWc	20251118	3714	3740	158	44
ujhbPLHEuuM	20251117	6589	3804	264	65
JGmtfLhTayw	20251116	6399	3880	229	90
jwrHZTVxUBY	20251115	14202	3464	522	87
THNoke7sbcM	20251114	7092	3504	251	24
-uRPWr9qbkU	20251113	15183	3835	517	70
mDv73WFzVds	20251112	13954	3643	395	74
kMBk3-4-NF8	20251111	87777	3646	2211	427
y0U_SxhqbZ4	20251110	39837	3726	1045	220
raMM6kdRToY	20251109	10444	3532	366	55
rXDRnvYmLSg	20251108	7601	3709	260	34
yllCyHcTVgI	20251107	10795	3806	383	67
X68cRODWLzg	20251106	15857	3653	481	102
D8FF4frcueE	20251105	27052	3560	778	216
UYNx7T-Td_4	20251104	49569	3986	1386	222
VUZfUGxxQoI	20251103	24532	3919	784	119
mzHxpIOIwMY	20251102	9809	3881	251	39
6Tp2eiBjGB8	20251101	529417	3952	10312	2100
dSfW66Fy-5o	20251031	46201	3787	1120	162
7gvBqlYednE	20251030	8685	3685	319	126
isrbEyAWlxI	20251029	9494	3284	332	55
bLWaopbi3Uw	20251028	9759	3455	326	81
U_kBR9k38F4	20251027	24945	3768	660	222
3adLn-5sRUA	20251026	23748	3429	854	195
8mDclUuqLYw	20251025	9955	3638	321	63
TNgoUaCl7vA	20251024	100245	3564	2853	547
v7ukYQ1HKUo	20251023	14963	3078	464	76
WtkBjKlMrR8	20251022	86085	3894	2362	331
rcub_Jev9NE	20251021	553756	3893	10979	2000
NafOmyD5pwA	20251020	26337	3793	806	234
mWS7XS9RN_c	20251019	6998	3376	265	44
RcUppapS2vI	20251018	57298	3352	1662	316
jPZGm5VU-Oc	20251017	30767	3415	1040	108
KMPoKytow7Q	20251016	17712	3753	495	136
IiYq7_7rtYs	20251015	46352	3939	1293	325
Pf-AqzDIvVw	20251014	70320	3870	1963	520
QKwhquxMKZo	20251013	19227	3248	668	135
payQ-cm18aU	20251012	24380	3518	911	173
_AcLDUT1EKQ	20251011	21351	3137	776	112
dxQW0FkDprA	20251010	16521	3372	576	164
Q67e1V61HwE	20251009	30923	2795	797	111
y1UpY6bk2S8	20251008	32349	3734	881	198
MMJ89CJxWwk	20251007	21900	3548	771	284
FhBLNJGUNss	20251006	151251	3683	3106	602
8n5raFtKul8	20251005	305640	2909	7963	1600
tSzlQ2PX174	20251004	37496	3562	1030	230
ww-vZYahfqo	20251003	116885	3894	3635	597
UhChAk-8sck	20251002	3385	3052	116	9
3nphuqMRI68	20251001	53525	2690	1159	297
v4LmO92Enks	20250930	4013	3565	191	27
vA8AB05zS5w	20250929	3172	2900	147	7
3V17Y3eU-a8	20250928	2214	1034	78	7
RfF0ouKeE0w	20250927	749	994	50	5
q1Fo7x_0ItI	20250927	388	944	15	2
4j--IretI54	20250926	1922	755	92	14
pLfGrc5UwcM	20250925	2836	3524	136	21
gEDndLDoBHA	20250924	1840	1965	81	16
k68NYZra_SU	20250923	4918	2001	188	28
t2qjHHiH7xM	20250922	4718	887	157	26
ORSfIeV_Hew	20250921	4387	2575	142	22
ahaNCUDhWl0	20250920	2432	2572	104	14
XSN4G85fHWo	20250919	1793	2012	71	11
l-2hh0AFjzE	20250918	14274	2722	489	93
WoWtFmG2nes	20250917	9931	3245	326	113
2VCKEfTrnsM	20250916	3379	1995	108	11
hkrgDr0tCDU	20250915	6466	2609	234	32
lbdQkRIOhkM	20250914	4446	2478	147	37
j6gbymZmY_Q	20250913	13912	2801	377	77
-YRHSSLanxk	20250912	1778	2059	59	5
KuBktnJ7j2I	20250911	9555	1704	253	37
ZjoFenGa_p8	20250910	6884	2869	176	18
aEBKHfRZmVE	20250909	7322	2430	226	59
uvPpcKiLFhk	20250908	3265	2709	146	40
Tk2iwmj98Ng	20250907	3275	2537	141	57
VrR7sJSdT3E	20250906	9535	2256	283	51
tQDnSysPTeg	20250905	189743	2680	3116	1000
5Tpw1tBzrl8	20250904	3199	2515	96	15
Ofr1Zd3DCjw	20250903	5113	3507	174	32
o-GCTOftsVU	20250902	5792	2918	161	35
hxQSRzEk8tQ	20250901	3398	3296	93	12
odsboBCA8wM	20250831	2745	2506	102	10
DXelErGJHFQ	20250830	6692	3407	191	36
1coM8oKJS0U	20250829	33973	2935	855	133
jqNlWQOfPuc	20250828	9357	3348	239	68
NAqqcmavQJs	20250827	6669	2879	213	21
tGKkLYZ-GN8	20250826	11399	2798	381	39
jk27Co80NXM	20250825	22297	3570	509	49
an8_v1WW0YU	20250824	2063	3558	73	14
ySoMnZtzj2I	20250823	3515	3284	141	27
dU_4xt6-8FI	20250822	18098	2535	619	250
1x68L-A7xBE	20250821	2049	3344	110	9
74-NTb4Sook	20250819	2359	2699	77	25
0BNUwFL2PKk	20250818	24907	2559	472	47
SI1HsjInX6Y	20250817	24623	3240	665	132
pT80BNIi59k	20250816	4130	3641	178	35
zsoA0iIwUts	20250815	5290	3469	205	40
gpc0ySQ3rHg	20250814	5259	2418	147	18
DSeWbBlz1hU	20250813	4432	2099	173	16
_OgzCncAyN4	20250812	6781	1357	174	26
KijR43-HN58	20250811	2487	2109	76	16
mCDOBBPQelI	20250810	9184	1565	175	45
tLhLB8ExNhU	20250809	4264	3216	125	16
3UmQNqT1kLs	20250808	2346	2121	90	7
M5-sxzdKMTc	20250807	5149	2900	182	36
dmDsCp_3iRA	20250806	11878	2606	376	69
e8BGEl0dmHw	20250805	6219	3141	240	27
tNE5dBhDvcQ	20250804	4101	1736	111	15
f4nd_HdrS9A	20250803	28133	3419	740	124
nYuzv3UMMaI	20250802	5008	1975	134	18
K2tcsxtO3Zc	20250801	14353	3438	562	129
ik1-FXTWc0A	20250731	3871	2296	187	22
z1QDxszhgjw	20250730	121770	3153	2109	619
laHN1qjvheQ	20250729	6470	3455	246	64
1i7raeCmvNg	20250728	17126	1973	489	155
ud1J-apIkN0	20250727	150856	2537	3245	899
0uYaVaWTA8Y	20250726	43578	3271	1089	136
ck6l13C0RgY	20250725	2056	983	77	10
bsqe2MYjXcU	20250724	2829	3104	110	33
gVVI_SdlsvA	20250723	1505	2201	64	10
MNDtjZXHQu0	20250722	1848	984	97	50
Sd7fmHyNEgQ	20250721	7046	3435	220	45
01RhnLqusfI	20250720	4146	3794	146	39
SGADkONbqM4	20250719	5197	2627	151	29
hGwHlN8wWcA	20250718	2255	1664	83	18
8dH-1PtBDkw	20250717	7202	3454	212	51
XUhq0mht6jg	20250716	3081	1980	114	41
ov7H3dLbJLc	20250715	24538	2527	610	103
Bb1FwBU3kCY	20250714	5047	3046	193	60
Cicw4IQ3lZY	20250713	3751	3432	101	27
zLMctq6Pwgo	20250712	8755	3059	232	19
HBmnjocIIN0	20250710	7173	2316	225	30
L2cO-r5dMyE	20250709	2617	2340	102	18
OSYD32a2EmU	20250708	4831	2385	162	29
jHGsHoXyyRo	20250706	5226	3828	155	24
qqKkiCfhytg	20250705	7602	2931	206	41
YM_SA-J5jWs	20250704	4962	2825	134	31
-gFOES4a36s	20250702	4809	3590	147	23
PEMN3GUIzRk	20250701	3154	3571	117	9
