file,corpus,views,nface,nblock,narrow,f1_cx,f1_cy,f1_h,f1_x0,f1_x1,f1_y0,f1_y1,f2_cx,f2_cy,f2_h,ff_dx,ff_dy,ff_d,ff_d_over_h,ff_hratio,ff_gap,ff_midx,t_x0,t_x1,t_y0,t_y1,t_w,t_h,t_cx,t_cy,t_cap,t_cap_px,t_lines,t_pitch,t_leftvar,t_left_in,t_right_in,t_top_in,t_bot_in,t_pol,t_on_matte,t_on_face,t_face_gap,t_align_frameL,t_align_frameR,t_align_frameT,t_align_frameB,t_align_face,t_side_vs_f1,a_colour,a_area,a_cx,a_cy,a_ang,a_tipx,a_tipy,a_aim_face,a_aim_err_deg,a_tip_face_d,a_text_gap,a_on_person_px,a_hits_person,a_tip_clearance,a_body_clearance,e_area,e_cx,e_cy,ee_area,matte_cov,free_x,free_y,free_w,free_h,free_area,text_in_free
1200000_yzv_uxBSgu0.jpg,AUDIT,1200000,1,2,1,0.784617793560028,0.316843499077691,0.4348069085015191,0.7039646148681641,0.8652709722518921,0.09944004482693142,0.5342469533284505,,,,,,,,,,,0.03515625,0.46328125,0.07222222222222222,0.1763888888888889,0.428125,0.10416666666666667,0.24921875,0.12430555555555556,0.08194444444444444,59.0,1,,,0.03515625,0.53671875,0.07222222222222222,0.8236111111111111,bright,0.0,0.0,0.24068336486816405,True,False,False,False,,opp,red,0.0037250434027777776,0.3809904554852445,0.32715130833365663,-171.68949801684863,0.3399739583333333,0.3150462962962963,1,171.81976345888518,0.4446449844287271,0.05703125,0.0,False,0.25238857269287107,0.26336240768432617,0.3545681423611111,0.311328125,0.7152777777777778,0.4666666666666667,0.25757161458333333,0.0953,0.0,0.5273,1.0,0.5273,0.957
971000_4kIjd7CLp7c.jpg,AUDIT,971000,3,1,1,0.8020444869995117,0.28703635886863427,0.28441133852358214,0.7378482182820638,0.8662407557169596,0.14483068960684317,0.42924202813042533,0.17284265359242756,0.347364906028465,0.18720406426323785,0.6292018334070841,0.06032854715983073,0.6301162736683806,4.750509428336651,1.5192583539407343,0.5259652296702066,0.4874435702959697,0.01640625,0.72421875,0.05694444444444444,0.12638888888888888,0.7078125,0.06944444444444445,0.3703125,0.09166666666666666,0.05416666666666667,39.0,1,,,0.01640625,0.27578125,0.05694444444444444,0.8736111111111111,bright,0.0,0.0,0.017128110684430726,True,False,True,False,t.x1~f1.L,opp,red,0.004294704861111111,0.264994865699237,0.25644358164422487,161.06834338688103,0.22265625,0.2809027777777778,2,17.956455792433047,0.06228184855792851,0.04609375,0.0,True,0.01171875,0.05390625,0.08487521701388889,0.523828125,0.22569444444444445,0.4097222222222222,0.5168587239583333,0.2117,0.0,0.5258,0.325,0.1709,0.746
591000_amiWU58HFpM.jpg,AUDIT,591000,1,1,1,0.8046112179756164,0.3468330807156033,0.3264773898654514,0.7422149658203125,0.8670074701309204,0.1835943857828776,0.510071775648329,,,,,,,,,,,0.021875,0.63125,0.07777777777777778,0.19444444444444445,0.609375,0.11666666666666667,0.3265625,0.1361111111111111,0.07916666666666666,57.0,1,,,0.021875,0.36875,0.07777777777777778,0.8055555555555556,bright,0.0,0.0,0.1109649658203125,True,False,False,False,t.y1~f1.T,opp,red,0.0033333333333333335,0.2974814582623946,0.4164062991926248,130.75212745336995,0.27265625,0.47003968253968254,1,138.1748809132383,0.5364504568573311,0.0890625,0.0,True,0.026088905334472657,0.06132631301879883,0.22361979166666668,0.290625,0.8076388888888889,0.38472222222222224,0.2920551215277778,0.0,0.0,0.6992,0.5153,0.3603,1.0
552000_SpO2yU2mG78.jpg,AUDIT,552000,1,1,1,0.8070394277572632,0.5747571733262804,0.6990942637125651,0.652068042755127,0.9620108127593994,0.22521004146999782,0.9243043051825629,,,,,,,,,,,0.0234375,0.65234375,0.05277777777777778,0.1638888888888889,0.62890625,0.1111111111111111,0.337890625,0.10833333333333334,0.09583333333333334,69.0,1,,,0.0234375,0.34765625,0.05277777777777778,0.8361111111111111,bright,0.0,0.0,0.03449314832687378,True,False,True,False,t.x1~f1.L,opp,red,0.0043359375,0.23318026684471965,0.3133283615949292,158.60584339886654,0.19140625,0.34384920634920635,1,146.6923462262854,0.629185594863082,0.05546875,0.0,True,0.019992733001708986,0.06478319168090821,0.1071267361111111,0.0640625,0.5819444444444445,0.3628841145833333,0.4369878472222222,0.0,0.0,0.6445,0.3,0.1934,0.992
444000_5VLPFCTlyss.jpg,AUDIT,444000,3,1,1,0.22870583534240724,0.3208450529310438,0.2854454040527344,0.16027746200561524,0.2971342086791992,0.17812235090467665,0.46356775495741104,0.8478202760219574,0.5034139421251085,0.15445406878436052,0.6191144406795501,0.18256888919406467,0.6275738631573258,5.072462854477713,1.8480924866489343,0.519096310933431,0.5382630556821824,0.3703125,0.9640625,0.058333333333333334,0.16666666666666666,0.59375,0.10833333333333334,0.6671875,0.1125,0.08194444444444444,59.0,1,,,0.3703125,0.0359375,0.058333333333333334,0.8333333333333334,bright,0.0,0.0,0.0734614536171657,False,True,True,False,t.y1~f1.T,opp,red,0.004226345486111111,0.5643583664196188,0.4564435448392591,39.21274926080349,0.5994791666666667,0.5060185185185185,3,13.423859355021563,0.07438499949566332,0.12578125,0.0,True,0.02497093230485916,0.06858651638031006,0.13406684027777777,0.69453125,0.2763888888888889,0.3236111111111111,0.36046983506944447,0.3891,0.0,0.6109,0.3861,0.2359,1.0
439000_lzOg8heXmV0.jpg,AUDIT,439000,1,1,0,0.7647079169750214,0.42519700792100695,0.4093524085150825,0.685991907119751,0.8434239268302918,0.22052080366346571,0.6298732121785482,,,,,,,,,,,0.04765625,0.625,0.1986111111111111,0.6291666666666667,0.57734375,0.4305555555555556,0.336328125,0.41388888888888886,0.10277777777777777,74.0,3,1.4594594594594594,0.0019136638615493578,0.04765625,0.375,0.1986111111111111,0.37083333333333335,bright,0.0,0.0,0.06099190711975098,True,False,False,False,t.y1~f1.B,opp,,,,,,,,,,,,,,,,0.14659505208333334,0.19765625,0.8145833333333333,0.37083333333333335,0.29721788194444443,0.0,0.0,0.3953,1.0,0.3953,0.621
414000_Ek3Ah3NZYVo.jpg,AUDIT,414000,1,1,0,0.75606090426445,0.2473468780517578,0.3401865641276042,0.6786401271820068,0.8334816813468933,0.07725359598795573,0.4174401601155599,,,,,,,,,,,0.04453125,0.58046875,0.19583333333333333,0.7916666666666666,0.5359375,0.5958333333333333,0.3125,0.49375,0.10972222222222222,79.0,4,1.4556962025316456,0.002139541240254555,0.04453125,0.41953125,0.19583333333333333,0.20833333333333334,bright,0.0,0.0,0.09817137718200683,True,False,False,False,,opp,,,,,,,,,,,,,,,,0.13019856770833332,0.332421875,0.09791666666666667,0.3130859375,0.31318467881944445,0.0,0.0,0.4992,1.0,0.4992,1.0
412000_IPpy830CJkQ.jpg,AUDIT,412000,2,1,1,0.2267981131871541,0.405548060381854,0.18554313094527636,0.1949032147725423,0.25869301160176594,0.31277649490921583,0.4983196258544922,0.7828058421611785,0.5148263772328695,0.12057207955254448,0.5560077289740245,0.10927831685101547,0.5593952441554044,6.497425805380761,1.5388565216246264,0.498108450571696,0.5048019776741663,0.346875,0.93671875,0.05277777777777778,0.18194444444444444,0.58984375,0.12916666666666668,0.641796875,0.11736111111111111,0.07916666666666666,57.0,1,,,0.346875,0.06328125,0.05277777777777778,0.8180555555555555,bright,0.0,0.0,0.1148564186493413,False,False,True,False,,opp,red,0.003363715277777778,0.7250976727040521,0.39561273362650085,40.75980531226644,0.755625,0.4411111111111111,2,15.994733429889692,0.049579541184579905,0.08671875,0.0,True,0.007966327667236327,0.04561774432659149,0.25436414930555556,0.44296875,0.5909722222222222,0.3008810763888889,0.1835666232638889,0.2875,0.0,0.4688,1.0,0.4688,0.691
364000_AAVDROvkXsU.jpg,AUDIT,364000,2,1,1,0.7777339398860932,0.47682312859429254,0.4096589830186632,0.6930735111236572,0.862394368648529,0.27199363708496094,0.6816526201036242,0.19300140539805094,0.4836638909799081,0.2310818283646195,0.5847325344880422,0.006840762385615543,0.5847451953160298,3.2448284717525846,1.7727875269026794,0.4526560465494791,0.48536767264207203,0.028125,0.865625,0.044444444444444446,0.1111111111111111,0.8375,0.06666666666666667,0.446875,0.07777777777777778,0.06180555555555556,44.5,1,,,0.028125,0.134375,0.044444444444444446,0.8888888888888888,bright,0.0,0.0,0.09049642086029053,True,False,True,False,t.x1~f1.R,opp,red,0.0037630208333333335,0.2953139487168961,0.3064922011169774,146.59161314769625,0.2603298611111111,0.3470679012345679,2,15.364486222526295,0.10216053888296972,0.07734375,0.0,True,0.021689683198928833,0.06225897073745727,0.19633246527777778,0.50625,0.3993055555555556,0.21805555555555556,0.4261447482638889,0.2523,0.0,0.4242,0.6486,0.2752,0.514
301000_qyETv1lTSuA.jpg,AUDIT,301000,2,1,0,0.7953839500745137,0.28619713253445095,0.20072056805645977,0.7498783111572266,0.8408895889918009,0.18583684850622106,0.38655741656268083,0.8751259624958039,0.5948113865322537,0.20036063724093967,0.07974201242129011,0.30861425399780273,0.1910345318806459,1.6935071555585293,1.0017964148072023,0.0,0.8352549562851588,0.03046875,0.7109375,0.13333333333333333,0.2263888888888889,0.68046875,0.09305555555555556,0.370703125,0.1798611111111111,0.06805555555555555,49.0,1,,,0.03046875,0.2890625,0.13333333333333333,0.7736111111111111,bright,0.0,0.0,0.038940811157226564,True,False,False,False,,opp,,,,,,,,,,,,,,,,0.30279622395833333,0.195703125,0.6131944444444445,0.41944227430555553,0.23074978298611112,0.0,0.0,0.3914,1.0,0.3914,0.505
59000_bXbyg2vK6CI.jpg,AUDIT,59000,3,1,1,0.14474976062774658,0.4401678721110026,0.48202713860405816,0.03997427225112915,0.249525249004364,0.19915430280897353,0.6811814414130317,0.5275448560714722,0.4840906778971354,0.5063175201416016,0.3827950954437256,0.043922805786132814,0.3835915798148163,1.3799651372688635,0.9520253979543308,0.18307429552078247,0.3361473083496094,0.26484375,0.965625,0.06944444444444445,0.175,0.70078125,0.10555555555555556,0.615234375,0.12222222222222222,0.08194444444444444,59.0,1,,,0.26484375,0.034375,0.06944444444444445,0.825,bright,0.0,0.0,0.02047577788739427,False,True,False,False,,opp,red,0.004538845486111111,0.36910862780464454,0.3383279992072854,17.35720551417598,0.41316964285714286,0.3636904761904762,3,5.326077912815066,0.44516329709242297,0.06328125,1.0,True,0.0,0.0,0.06944444444444445,0.5,0.034722222222222224,0.23472222222222222,0.573232421875,0.0,0.0,1.0,0.1681,0.1681,1.0
42000_muF8LBaKZrI.jpg,AUDIT,42000,2,2,1,0.7614917198816935,0.630245053326642,0.4105275189435041,0.689664649963379,0.8333187898000082,0.42498129385489003,0.8355088127983941,0.2506085395812988,0.5050121166087963,0.37261086923104747,0.5108831803003947,0.12523293671784566,0.5157168936504701,2.341425339379588,1.1017593764527178,0.37118369738260903,0.5060501297314962,0.009375,0.48046875,0.02638888888888889,0.10277777777777777,0.47109375,0.0763888888888889,0.244921875,0.06458333333333334,0.059722222222222225,43.0,1,,,0.009375,0.51953125,0.02638888888888889,0.8972222222222223,bright,0.0,0.0,0.12146000862121582,True,False,True,False,,opp,red,0.006528862847222222,0.581091010656483,0.48104219185660724,16.548388388610363,0.634375,0.5107638888888889,1,11.317564229278418,0.14379011291281138,0.18379809107074535,0.0,True,0.0468144416809082,0.09096537232398987,0.08117621527777778,0.75234375,0.9180555555555555,0.21341796875,0.4143109809027778,0.0,0.0,0.7438,0.2264,0.1684,1.0
bot_00001700_-YRHSSLanxk_maxresdefault.jpg,CT_BOT,1700,3,1,1,0.767491203546524,0.3010817421807183,0.339806154039171,0.6953629970550537,0.8396194100379943,0.1311786651611328,0.47098481920030383,0.24225003719329835,0.2395612080891927,0.31184669777199076,0.5252411663532257,0.06152053409152561,0.5263799099981914,2.872039933724181,1.0896576954860784,0.39462623596191404,0.5048706203699111,0.0765625,0.890625,0.6277777777777778,0.9680555555555556,0.8140625,0.3402777777777778,0.48359375,0.7979166666666667,0.14444444444444443,104.0,2,1.6057692307692308,0.020703125,0.0765625,0.109375,0.6277777777777778,0.03194444444444444,bright,1.0,0.0,0.0881960391998291,False,False,False,True,,opp,yellow,0.012600911458333334,0.5172496657679388,0.3506251530676507,-141.92176642358191,0.43759765625,0.2934027777777778,2,29.265495086790594,0.19768137741621739,0.028125,1.0,True,0.0,0.0,0.0,0.0,0.0,0.0,0.7406022135416667,0.9039,0.0,0.0961,0.4528,0.0435,0.0
bot_00001500_gVVI_SdlsvA_maxresdefault.jpg,CT_BOT,1500,2,2,1,0.1682272434234619,0.29800955454508465,0.3321353064643012,0.09927991032600403,0.2371745765209198,0.13194190131293404,0.46407720777723527,0.6717188715934753,0.22560702429877388,0.335462040371365,0.5034916281700135,0.07240253024631077,0.5051360818523389,2.6903033851986793,0.990083128620511,0.3742188274860382,0.41997305750846864,0.06328125,0.8125,0.6777777777777778,0.9472222222222222,0.74921875,0.26944444444444443,0.437890625,0.8125,0.07743055555555556,55.75,2,2.1524663677130045,0.245703125,0.06328125,0.1875,0.6777777777777778,0.05277777777777778,bright,1.0,0.0,0.12020657062530518,False,False,False,True,,same,yellow,0.011950954861111111,0.4821435015057439,0.2529296570233512,-15.635982233730584,0.5655381944444444,0.25416666666666665,2,7.032563168080742,0.10738907747688971,0.15390625,0.0,True,0.027932417392730714,0.10454216003417968,0.0031380208333333334,0.6234375,0.9965277777777778,0.005555555555555556,0.6660405815972222,0.2961,0.0,0.2883,0.3708,0.1069,0.0
bot_00001300_rUJ__Sb3Y8w_maxresdefault.jpg,CT_BOT,1300,2,2,1,0.33217185735702515,0.42697940402560763,0.49618483649359807,0.2318812370300293,0.432462477684021,0.1788869857788086,0.6750718222724067,0.7260768055915833,0.2054200631600839,0.24778626053421585,0.3939049482345581,0.22155934086552373,0.4131501295963614,1.974509822267896,2.002471143572877,0.24921025435129804,0.5291243314743042,0.01796875,0.90859375,0.7208333333333333,0.9527777777777777,0.890625,0.23194444444444445,0.46328125,0.8368055555555556,0.08472222222222223,61.0,2,1.5245901639344261,0.001953125,0.01796875,0.09140625,0.7208333333333333,0.04722222222222222,bright,0.9992832017971682,0.0,0.02574084997177124,True,False,False,True,,same,red,0.006298828125,0.4622081585695085,0.5774783845391098,-24.356256015053503,0.5213541666666667,0.5626543209876543,2,20.11010831792305,0.2868622640666961,0.0078125,0.9922480620155039,True,0.0,0.0,0.05886501736111111,0.068359375,0.2152777777777778,0.16669270833333333,0.5934147135416666,0.4539,0.0,0.2227,0.45,0.1002,0.0
bot_00001200_qlDoZCJs620_maxresdefault.jpg,CT_BOT,1200,2,3,0,0.1978287160396576,0.3712841351826986,0.3291588465372721,0.12512540817260742,0.2705320239067078,0.2067047119140625,0.5358635584513346,0.7845941603183746,0.23521671295166016,0.3448667950100369,0.586765444278717,0.1360674222310384,0.5917362085960812,3.121470214497031,0.9544521284738138,0.4497873425483704,0.49121143817901614,0.33984375,0.66875,0.027777777777777776,0.5541666666666667,0.32890625,0.5263888888888889,0.504296875,0.29097222222222224,0.13055555555555556,94.0,3,1.4946808510638299,0.0018414239093399673,0.33984375,0.33125,0.027777777777777776,0.44583333333333336,bright,0.004653977493768281,0.0,0.051569366455078126,False,False,True,False,,opp,,,,,,,,,,,,,,,,0.058984375,0.9296875,0.20972222222222223,0.1594259982638889,0.5154470486111111,0.3398,0.0,0.3164,0.5375,0.1701,0.0
bot_00001100_--Mpaln4jx8_maxresdefault.jpg,CT_BOT,1100,3,1,0,0.7900062054395676,0.20381637149386936,0.22631022135416667,0.7428327560424804,0.8371796548366547,0.09066126081678602,0.31697148217095267,0.4648948788642883,0.36370404561360675,0.22952889336480034,0.32511132657527925,0.15988767411973742,0.3373218132055673,2.631117883976585,0.9859770508041525,0.23158481121063232,0.627450542151928,0.01484375,0.47734375,0.03194444444444444,0.2125,0.4625,0.18055555555555555,0.24609375,0.12222222222222222,0.1361111111111111,98.0,1,,,0.01484375,0.52265625,0.03194444444444444,0.7875,bright,0.016307172557172556,0.0,0.01156167984008789,True,False,True,False,t.y1~f1.M;t.x1~f2.C,opp,,,,,,,,,,,,,,,,0.07868923611111112,0.14453125,0.6986111111111111,0.22560004340277778,0.39724609375,0.0,0.0,0.7422,0.1833,0.1361,1.0
bot_00001100_U204YIfp-rc_maxresdefault.jpg,CT_BOT,1100,2,4,1,0.7615832328796387,0.47156121995713973,0.5710842556423611,0.6406090736389161,0.8825573921203613,0.1860190921359592,0.7571033477783203,0.19918993711471558,0.46221628189086916,0.3280907736884223,0.5623932957649231,0.009344938066270616,0.5624178608511616,2.2239362576397546,1.740628818123067,0.37109442949295046,0.4803865849971771,0.01484375,0.6265625,0.016666666666666666,0.11666666666666667,0.61171875,0.1,0.320703125,0.06666666666666667,0.09583333333333334,69.0,1,,,0.01484375,0.3734375,0.016666666666666666,0.8833333333333333,dark,0.0,0.0,0.04146256159225854,True,False,True,False,t.x1~f1.L,opp,red,0.011507161458333333,0.49919261717225794,0.43273990881192037,32.464308923811444,0.5776909722222222,0.4725308641975309,1,32.63424784464743,0.18389306952139498,0.065625,0.0,True,0.055893898010253906,0.0905038833618164,0.0431640625,0.364453125,0.3527777777777778,0.09269965277777778,0.5503537326388889,0.3187,0.0,0.3094,0.5667,0.1753,0.503
bot_00001000_95HqsmyM-zI_maxresdefault.jpg,CT_BOT,1000,2,3,1,0.5969137907028198,0.2609276948151765,0.2540330957483362,0.5470006942749024,0.6468268871307373,0.1339111469410084,0.38794424268934463,0.3592781454324722,0.2688393274943034,0.24552268981933595,0.23763564527034758,0.007911632679126868,0.23767731278824328,1.6916526929088602,1.0346624009995269,0.13997954726219178,0.47809596806764604,0.00234375,0.5578125,0.6902777777777778,0.9569444444444445,0.55546875,0.26666666666666666,0.280078125,0.8236111111111111,0.1076388888888889,77.5,2,1.8064516129032258,0.054296875,0.00234375,0.4421875,0.6902777777777778,0.043055555555555555,bright,0.5076252723311547,0.0,0.1680058717727661,True,False,False,True,t.x1~f1.L,opp,red,0.008274739583333333,0.8103770861667264,0.4111303789337912,144.40516831955983,0.7455078125,0.4510416666666667,2,50.45617917563817,0.39959643777690657,0.21444707698666585,0.9935746131654865,True,0.0,0.0,0.09437391493055555,0.068359375,0.3451388888888889,0.23240559895833332,0.5332313368055556,0.0,0.0,0.1367,0.9486,0.1297,0.193
bot_00000988_79nw7lP0jm0_maxresdefault.jpg,CT_BOT,988,2,2,1,0.7058807492256165,0.28126341501871743,0.43112195332845055,0.613331413269043,0.7984300851821899,0.06570243835449219,0.49682439168294273,0.19758514165878296,0.37139566209581165,0.3254377577039931,0.5082956075668335,0.09013224707709419,0.5108178273266992,2.4006580542727023,1.3247447265187469,0.34332388639450073,0.4517329454421997,0.00625,0.8015625,0.7944444444444444,0.9805555555555555,0.7953125,0.18611111111111112,0.40390625,0.8875,0.07152777777777777,51.5,2,1.7864077669902914,0.00078125,0.00625,0.1984375,0.7944444444444444,0.019444444444444445,bright,1.0,0.0,0.14643557071685792,True,False,False,True,t.x1~f1.R,opp,red,0.00860568576388889,0.4809644954490323,0.37706916285148756,49.13690753721262,0.53984375,0.44479166666666664,1,78.12339837565449,0.18981427605238765,0.18203125,0.0,True,0.027793121337890626,0.08007631301879883,0.038248697916666664,0.373046875,0.32083333333333336,0.2388888888888889,0.6499945746527778,0.318,0.0,0.2953,0.4514,0.1333,0.0
bot_00000749_RfF0ouKeE0w_maxresdefault.jpg,CT_BOT,749,3,2,1,0.8219389855861664,0.32602178785536023,0.33744805653889975,0.7462817668914795,0.8975962042808533,0.15729775958591038,0.4947458161248101,0.31577948331832884,0.2270901574028863,0.228611691792806,0.5061595022678376,0.09893163045247395,0.5092094437713796,3.198465307025741,1.4760752343529906,0.3808825731277466,0.5688592344522476,0.41015625,0.68671875,0.08055555555555556,0.45,0.2765625,0.36944444444444446,0.5484375,0.2652777777777778,0.09166666666666666,66.0,3,0.9393939393939394,0.024418142020273002,0.41015625,0.31328125,0.08055555555555556,0.55,bright,0.0,0.0,0.04475705623626709,False,False,False,False,,same,yellow,0.009444444444444445,0.5023927428033763,0.599038391593522,-37.04025560077855,0.5468039772727272,0.4946969696969697,1,18.013598204134126,0.29103513071355114,0.0234375,0.0,True,0.07208576798439026,0.07723475098609925,0.0,0.0,0.0,0.0,0.6375564236111111,0.4055,0.0,0.2922,0.4847,0.1416,0.0
bot_00000388_q1Fo7x_0ItI_maxresdefault.jpg,CT_BOT,388,2,1,0,0.7512840270996094,0.4142748514811198,0.467556635538737,0.661011791229248,0.8415562629699707,0.1804965337117513,0.6480531692504883,0.17321025133132933,0.4084726969401042,0.3552594926622179,0.57807377576828,0.005802154541015625,0.578082988892212,2.498013969684703,1.3160989226072326,0.42334195375442507,0.46224713921546934,0.26875,0.6953125,0.2513888888888889,0.9555555555555556,0.4265625,0.7041666666666667,0.48203125,0.6034722222222222,0.12395833333333334,89.25,4,1.1764705882352942,0.032979485811258494,0.26875,0.3046875,0.2513888888888889,0.044444444444444446,bright,0.7982859231334672,0.016442653985618838,0.0,False,False,False,True,,opp,,,,,,,,,,,,,,,,0.0,0.0,0.0,0.0,0.6275900607638889,0.2703,0.0,0.3875,0.2722,0.1055,0.027
top_00891000_ERPX6JpX5OU_maxresdefault.jpg,CT_TOP,891000,2,2,2,0.19852276444435119,0.37286528481377496,0.3275196287367079,0.12620375156402588,0.2708417773246765,0.209105470445421,0.5366250991821289,0.7605512887239456,0.15309522416856552,0.19731458028157553,0.5620285242795944,0.21977006064520943,0.5754634041043913,3.8985494244164283,1.6598855911677928,0.4485069394111633,0.47953702658414843,0.01171875,0.809375,0.7444444444444445,0.9611111111111111,0.79765625,0.21666666666666667,0.410546875,0.8527777777777777,0.07777777777777778,56.0,2,1.9285714285714286,0.005859375,0.01171875,0.190625,0.7444444444444445,0.03888888888888889,bright,0.9904660591706475,0.0,0.11689838171005248,True,False,False,True,t.x1~f2.R,same,red,0.024333767361111112,0.5977640653917355,0.6319988452386212,173.0717038906489,0.4771205357142857,0.7307539682539682,1,42.779852124390914,0.3437199358249733,0.0,0.2482386515651476,True,0.0015625,0.0,0.04485677083333333,0.377734375,0.18055555555555555,0.11328125,0.6217719184027778,0.8742,0.0,0.1258,0.5236,0.0659,0.0
top_00790000__-WRN7q01OY_maxresdefault.jpg,CT_TOP,790000,2,2,0,0.19819290637969972,0.3692088762919108,0.3238088183932834,0.12615394592285156,0.2702318668365479,0.2073044670952691,0.5311132854885525,0.624892775217692,0.2986625671386719,0.3180806760434751,0.42669986883799227,0.07054630915323894,0.4285410866092601,2.3737756334746964,1.0180084575430963,0.2961905320485433,0.41154284079869585,0.021875,0.88515625,0.4638888888888889,0.9472222222222222,0.86328125,0.48333333333333334,0.453515625,0.7055555555555556,0.08888888888888889,64.0,3,2.4140625,0.17632843076143923,0.021875,0.11484375,0.4638888888888889,0.05277777777777778,bright,0.8804606493285738,0.0,0.0,True,False,False,True,t.y0~f2.B,same,,,,,,,,,,,,,,,,0.09589192708333333,0.944140625,0.42916666666666664,0.17048828125,0.5950444878472222,0.8883,0.0,0.1117,0.8639,0.0965,0.037
top_00553000_rcub_Jev9NE_maxresdefault.jpg,CT_TOP,553000,2,1,1,0.8165488362312316,0.37153583102756077,0.5198450300428602,0.702710771560669,0.9303869009017944,0.11161331600613064,0.6314583460489909,0.14139769971370697,0.22528262668185764,0.25598555670844186,0.6751511365175247,0.14625320434570313,0.6801448277824618,3.117037098434879,2.0307592222280912,0.5206668674945831,0.4789732679724693,0.009375,0.85703125,0.6291666666666667,0.9958333333333333,0.84765625,0.36666666666666664,0.433203125,0.8125,0.175,126.0,2,0.8253968253968254,0.0,0.009375,0.14296875,0.6291666666666667,0.004166666666666667,bright,0.9951214805865969,0.0,0.0,True,False,False,True,t.y0~f1.B,opp,red,0.009547526041666667,0.4447817993996283,0.10082267830921779,157.38523611838616,0.3822544642857143,0.14722222222222223,2,12.283015200995152,0.2448264269762177,0.253125,0.0,True,0.05812017917633057,0.06428537368774415,0.024609375,0.38984375,0.36666666666666664,0.19412000868055557,0.8644270833333333,0.2867,0.0,0.2016,0.2222,0.0448,0.0
top_00529000_6Tp2eiBjGB8_maxresdefault.jpg,CT_TOP,529000,3,1,0,0.8107295870780945,0.36476495530870223,0.5319662729899088,0.6951308727264405,0.9263283014297485,0.09878181881374783,0.6307480918036567,0.2943358977635701,0.15771165070710358,0.19214173776132087,0.5163936893145243,0.2070533046015987,0.5293648242521535,2.5993166956304634,2.768613832621412,0.3604164123535156,0.5525327424208323,0.009375,0.7921875,0.5694444444444444,0.9972222222222222,0.7828125,0.42777777777777776,0.40078125,0.7833333333333333,0.17222222222222222,124.0,2,1.5161290322580645,0.123828125,0.009375,0.2078125,0.5694444444444444,0.002777777777777778,dark,0.1610728130485664,0.0,0.0,True,False,False,True,,opp,,,,,,,,,,,,,,,,0.11275824652777777,0.087109375,0.5069444444444444,0.1643337673611111,0.4801888020833333,0.0,0.6083,0.6188,0.3917,0.2423,0.692
top_00379000_urZza-9kdP0_maxresdefault.jpg,CT_TOP,379000,2,2,1,0.19897959232330323,0.372443601820204,0.32924219767252605,0.12718440294265748,0.270774781703949,0.20782250298394098,0.537064700656467,0.722603178024292,0.31022993723551434,0.3082172605726454,0.5236235857009888,0.062213664584689674,0.5247916944546229,2.92712893438613,1.0682146647492026,0.3878821969032288,0.4607913851737976,0.3265625,0.64921875,0.0375,0.3416666666666667,0.32265625,0.30416666666666664,0.487890625,0.18958333333333333,0.2791666666666667,201.0,1,,,0.3265625,0.35078125,0.0375,0.6583333333333333,bright,0.0,0.0,0.009438228607177735,False,False,True,False,t.x1~f2.L,same,red,0.011516927083333333,0.5181005356563186,0.40697590925876914,9.475672924397802,0.59150390625,0.4703125,2,43.95916832113937,0.15904521588677817,0.00078125,0.0,True,0.02122335582971573,0.056655770540237425,0.032796223958333336,0.036328125,0.22569444444444445,0.16805555555555557,0.5599446614583333,0.3187,0.0,0.3344,0.4778,0.1598,0.0
top_00354000_ePdAxp1Zs8Y_maxresdefault.jpg,CT_TOP,354000,2,2,0,0.6899377524852752,0.34263136121961807,0.4208561791314019,0.6084568500518799,0.7714186549186707,0.1322032716539171,0.553059450785319,0.1978691875934601,0.3721732669406467,0.32801937527126734,0.49206856489181516,0.029541905721028647,0.49234907123308486,2.337603978663365,1.2830223177620523,0.3388236165046692,0.4439034700393677,0.00625,0.80390625,0.6888888888888889,0.95,0.79765625,0.2611111111111111,0.405078125,0.8194444444444444,0.11319444444444444,81.5,2,1.803680981595092,0.007421875,0.00625,0.19609375,0.6888888888888889,0.05,bright,0.9870262521279455,0.0,0.07640405893325805,True,False,False,True,,opp,,,,,,,,,,,,,,,,0.032796223958333336,0.036328125,0.22569444444444445,0.19167209201388888,0.6875282118055556,0.3148,0.0,0.2367,0.4847,0.1147,0.0
top_00335000_aH0fnO4w-dg_maxresdefault.jpg,CT_TOP,335000,2,3,0,0.7516863107681274,0.41809166802300346,0.5094571431477865,0.6470939636230468,0.856278657913208,0.16336309644911023,0.6728202395968967,0.19832255840301513,0.3725460794236925,0.33256350623236763,0.5533637523651123,0.04554558859931098,0.5539564926592779,2.3391624498290944,1.5319093454343735,0.3768783211708069,0.4750044345855713,0.29453125,0.62421875,0.025,0.5291666666666667,0.3296875,0.5041666666666667,0.459375,0.27708333333333335,0.14583333333333334,105.0,3,1.138095238095238,0.00925120816058938,0.29453125,0.37578125,0.025,0.4708333333333333,bright,0.05127097686536492,0.0,0.022875213623046876,False,False,True,False,t.y1~f2.B,opp,,,,,,,,,,,,,,,,0.059724392361111114,0.94296875,0.26180555555555557,0.12139214409722222,0.6668012152777778,0.318,0.0,0.2922,0.45,0.1315,0.819
top_00308000_lfAlCDsEQZ4_maxresdefault.jpg,CT_TOP,308000,2,2,0,0.756525977452596,0.23553924560546874,0.3551957307038484,0.6829837799072266,0.8300681749979655,0.05794138025354456,0.413137110957393,0.1984950304031372,0.37266463173760306,0.32509483761257596,0.5580309470494588,0.13712538613213432,0.5633365265412078,2.9442923507640266,1.0925911137572244,0.4128150582313538,0.47751050392786654,0.2890625,0.6421875,0.019444444444444445,0.5694444444444444,0.353125,0.55,0.465625,0.29444444444444445,0.14583333333333334,105.0,3,1.4190476190476191,0.01695310499870812,0.2890625,0.3578125,0.019444444444444445,0.4305555555555556,bright,0.03913421651277934,0.0,0.018893778324127197,False,False,True,False,,opp,,,,,,,,,,,,,,,,0.04841145833333333,0.933984375,0.18333333333333332,0.16781684027777777,0.6351692708333333,0.3266,0.0,0.3078,0.5528,0.1702,0.186
top_00305000_8n5raFtKul8_maxresdefault.jpg,CT_TOP,305000,2,1,0,0.8034177958965302,0.32327505747477214,0.4425215827094184,0.7128509521484375,0.8939846396446228,0.10201426612006294,0.5445358488294814,0.3082777659098307,0.26081304903383606,0.14142827634458188,0.4951400299866995,0.062462008440936065,0.49638504114259724,3.022390644272807,3.1289470122031324,0.3792929967244466,0.5558477809031804,0.01328125,0.9859375,0.6458333333333334,0.9875,0.97265625,0.3416666666666667,0.499609375,0.8166666666666667,0.24722222222222223,178.0,1,,,0.01328125,0.0140625,0.6458333333333334,0.0125,bright,0.6374114343553074,0.0,0.05697983503341675,True,True,False,True,,opp,,,,,,,,,,,,,,,,0.1221875,0.5625,0.2833333333333333,0.22463541666666667,0.46759765625,0.0,0.1653,0.1781,0.8347,0.1487,0.181
top_00277000_k69GmELAgVw_maxresdefault.jpg,CT_TOP,277000,2,2,0,0.19864937663078308,0.37318474451700845,0.32584039900037975,0.12676844596862794,0.27053030729293825,0.21026454501681857,0.5361049440171983,0.652618157863617,0.28852640787760414,0.28804225215205437,0.45396878123283385,0.0846583366394043,0.45645958054765146,2.6437746602807306,1.13122431367594,0.32699261903762816,0.42563376724720003,0.490625,0.8078125,0.49166666666666664,0.7583333333333333,0.3171875,0.26666666666666666,0.64921875,0.625,0.11666666666666667,84.0,2,1.2976190476190477,0.03828125,0.490625,0.1921875,0.49166666666666664,0.24166666666666667,bright,0.9841390923876279,0.0,0.03325451215108237,False,False,False,False,,opp,,,,,,,,,,,,,,,,0.10545247395833333,0.866796875,0.19791666666666666,0.16401041666666666,0.5731477864583333,0.7336,0.0,0.2664,0.3958,0.1055,0.0
top_00241000_8lxIY35zb6Q_maxresdefault.jpg,CT_TOP,241000,2,4,0,0.792350443204244,0.7321303473578559,0.39511260986328123,0.7128852208455403,0.8718156655629474,0.5345740424262153,0.9296866522894965,0.2799861232439677,0.4488364890769676,0.22331836841724537,0.5123643199602762,0.28329385828088827,0.5365729304883559,3.0849277137814957,1.7692794939512435,0.38936253388722736,0.5361682832241058,0.01484375,0.72734375,0.0,0.3013888888888889,0.7125,0.3013888888888889,0.37109375,0.15069444444444444,0.12777777777777777,92.0,2,1.315217391304348,0.1265625,0.01484375,0.27265625,0.0,0.6986111111111111,bright,0.0,0.0,0.02013098398844402,True,False,True,False,t.x1~f1.L,opp,,,,,,,,,,,,,,,,0.07746310763888889,0.49609375,0.5798611111111112,0.15406358506944445,0.3663736979166667,0.0,0.0,0.7281,0.3181,0.2316,0.986
top_00233000_-iPnSFl434E_maxresdefault.jpg,CT_TOP,233000,4,1,3,0.7439915299415588,0.3680851406521267,0.5099923451741536,0.6401613235473633,0.8478217363357544,0.11308896806504991,0.6230813132392036,0.9022939324378967,0.728490702311198,0.27126849139178244,0.1583024024963379,0.36040556165907117,0.25721264489552564,1.1705870891177592,1.8800279478002173,0.0,0.8231427311897278,0.0171875,0.20859375,0.5930555555555556,0.7819444444444444,0.19140625,0.18888888888888888,0.112890625,0.6875,0.18055555555555555,130.0,1,,,0.0171875,0.79140625,0.5930555555555556,0.21805555555555556,bright,1.0,0.0,0.16303004423777262,True,False,False,False,t.y0~f2.T,opp,red,0.007797309027777778,0.23827802753451938,0.23398963584755117,57.1746743168634,0.28863636363636364,0.3111111111111111,2,36.23858645038325,0.6570353044836702,0.153125,0.0,True,0.030893900990486146,0.08263444900512695,0.06727430555555555,0.446875,0.1076388888888889,0.17623480902777777,0.6071006944444445,0.1062,0.0,0.4969,0.2153,0.107,0.0
top_00214000__eMKRoRaE_w_maxresdefault.jpg,CT_TOP,214000,2,2,1,0.19794389009475707,0.3724000612894694,0.32751759423149956,0.1259893298149109,0.26989845037460325,0.20864126417371961,0.5361588584052192,0.6152328610420227,0.23936288621690538,0.25173414018419055,0.41728897094726564,0.13303717507256402,0.4239458982852383,2.602259267162308,1.301045595134054,0.29629517793655397,0.4065883755683899,0.00234375,0.87734375,0.6680555555555555,0.9597222222222223,0.875,0.2916666666666667,0.43984375,0.8138888888888889,0.09166666666666666,66.0,2,2.272727272727273,0.05078125,0.00234375,0.12265625,0.6680555555555555,0.04027777777777778,bright,0.9774396463787828,0.0,0.0741918921470642,True,False,False,True,,same,red,0.011497395833333333,0.45582693548775455,0.5800161048242651,49.02209303615,0.5239346590909091,0.658080808080808,2,117.83423369949631,0.25260481375966176,0.0,1.0,True,0.0,0.0,0.032796223958333336,0.036328125,0.22569444444444445,0.110888671875,0.5736490885416666,0.3125,0.0,0.2195,0.3097,0.068,0.0
top_00209000_z05aWSTzw0k_maxresdefault.jpg,CT_TOP,209000,2,2,0,0.19808244705200195,0.37284756766425237,0.3320715798272027,0.12551274299621581,0.27065215110778806,0.20681177775065104,0.5388833575778538,0.7069533616304398,0.2465463426378038,0.2126493877834744,0.5088709145784378,0.12630122502644855,0.5138063059438984,3.35376637618988,1.5615919861726917,0.39249935150146487,0.45251790434122086,0.44296875,0.98203125,0.44305555555555554,0.6069444444444444,0.5390625,0.1638888888888889,0.7125,0.525,0.14652777777777778,105.5,1,,,0.44296875,0.01796875,0.44305555555555554,0.39305555555555555,bright,0.9465978874969295,0.0,0.05072879195213318,False,True,False,False,,opp,,,,,,,,,,,,,,,,0.04803385416666667,0.3671875,0.24791666666666667,0.1375,0.6015950520833333,0.3187,0.0,0.1359,0.4722,0.0642,0.0
top_00204000_J3LdwHAZR2E_maxresdefault.jpg,CT_TOP,204000,3,1,1,0.18883943557739258,0.3491273032294379,0.5632972293429904,0.07351198196411132,0.3041668891906738,0.06747868855794271,0.6307759179009331,0.77073734998703,0.2795761956108941,0.2253521954571759,0.5818979144096375,0.06955110761854384,0.5832115848016207,2.629357386434659,2.4996305369921936,0.41945473353068036,0.4797883927822113,0.0109375,0.99296875,0.3138888888888889,0.9958333333333333,0.98203125,0.6819444444444445,0.501953125,0.6548611111111111,0.16597222222222222,119.5,4,0.6861924686192469,0.23463551602095106,0.0109375,0.00703125,0.3138888888888889,0.004166666666666667,bright,0.7282668067953176,0.001590275809139246,0.0,True,True,False,True,,opp,red,0.012036675347222222,0.5716874788219907,0.10279362915728753,17.98970109170002,0.6443359375,0.14322916666666666,2,13.257961164278015,0.14784948887887658,0.06640625,0.0,True,0.03370397686958313,0.09502544403076171,0.03948133680555556,0.434765625,0.15694444444444444,0.07730902777777778,0.6635026041666666,0.3719,0.0,0.1945,0.3444,0.067,0.013
